SALE TYPE,SOLD DATE,PROPERTY TYPE,ADDRESS,CITY,STATE OR PROVINCE,ZIP OR POSTAL CODE,PRICE,BEDS,BATHS,LOCATION,SQUARE FEET,LOT SIZE,YEAR BUILT,DAYS ON MARKET,$/SQUARE FEET,HOA/MONTH,STATUS,NEXT OPEN HOUSE START TIME,NEXT OPEN HOUSE END TIME,URL (SEE http://www.redfin.com/buy-a-home/comparative-market-analysis FOR INFO ON PRICING),SOURCE,MLS#,FAVORITE,INTERESTED,LATITUDE,LONGITUDE
PAST SALE,December-10-2020,Single Family Residential,1719 Glen Echo Rd,Nashville,TN,37215,1425000,4,5.0,"Barlow Glen, Green Hills",5055,10890,2015,,282,160,Sold,,,http://www.redfin.com/TN/Nashville/1719-Glen-Echo-Rd-37215/home/60691881,REALTRACS,2197831,N,Y,36.1074299,-86.8053808
PAST SALE,November-30-2020,Single Family Residential,4811 Granny White Pike,Nashville,TN,37220,1975000,5,4.5,Oak Hill,5338,41382,2020,,370,,Sold,,,http://www.redfin.com/TN/Nashville/4811-Granny-White-Pike-37220/home/108061380,REALTRACS,2205803,N,Y,36.081877,-86.805821
PAST SALE,April-2-2021,Single Family Residential,1731 Glen Echo Rd,Nashville,TN,37215,1100000,4,5.0,Green Hills,5228,10018,2007,,210,65,Sold,,,http://www.redfin.com/TN/Nashville/1731-Glen-Echo-Rd-37215/home/105487649,REALTRACS,2218686,N,Y,36.1073361,-86.8063028
PAST SALE,February-4-2021,Single Family Residential,4027 Graybar Ct,Nashville,TN,37215,1600000,4,4.0,Graymont,5265,7405,2020,,304,320,Sold,,,http://www.redfin.com/TN/Nashville/4027-Graybar-Ct-37215/home/112484913,REALTRACS,2205393,N,Y,36.113044,-86.807369
PAST SALE,February-9-2021,Single Family Residential,2108 Timberwood Pl,Nashville,TN,37215,1775000,4,5.0,Forest Hills,5040,40946,2015,,352,,Sold,,,http://www.redfin.com/TN/Nashville/2108-Timberwood-Pl-37215/home/60915378,REALTRACS,2210818,N,Y,36.0642093,-86.850463
PAST SALE,April-21-2021,Single Family Residential,6125 Montcrest Dr,Nashville,TN,37215,2663189,6,6.0,Hillsboro Park,5672,51836,2021,,470,,Sold,,,http://www.redfin.com/TN/Nashville/6125-Montcrest-Dr-37215/home/87830173,REALTRACS,2197551,N,Y,36.0595128,-86.8497854
PAST SALE,February-1-2021,Single Family Residential,133 Steeplechase Ln,Nashville,TN,37221,2250000,6,6.5,Between The Harpeths Sec 1,7211,323215,1998,,312,,Sold,,,http://www.redfin.com/TN/Nashville/133-Steeplechase-Ln-37221/home/87881148,REALTRACS,2212288,N,Y,36.0441658,-86.9145017
PAST SALE,March-15-2021,Single Family Residential,607 Green Park,Nashville,TN,37215,1725000,4,3.5,Abbottsford,5230,8712,1988,,330,280,Sold,,,http://www.redfin.com/TN/Nashville/607-Green-Park-37215/home/87800930,REALTRACS,2224147,N,Y,36.1032604,-86.828584
PAST SALE,November-30-2020,Single Family Residential,4315 Sneed Rd,Nashville,TN,37215,2015000,4,5.0,Green Hills,6108,27442,2007,,330,,Sold,,,http://www.redfin.com/TN/Nashville/4315-Sneed-Rd-37215/home/60863368,REALTRACS,2185135,N,Y,36.0981531,-86.837536
PAST SALE,,Other,1100 18th Ave S,Nashville,TN,37212,1300000,6,6.0,,6822,7841,1920,,191,,,,,http://www.redfin.com/TN/Nashville/1100-18th-Ave-S-37212/home/108130454,,,N,Y,36.1445891,-86.7952565
PAST SALE,February-8-2021,Single Family Residential,402 W Hillwood Dr,Nashville,TN,37205,2385000,4,5.5,Hillwood Estates,5831,54885,1955,,409,,Sold,,,http://www.redfin.com/TN/Nashville/402-W-Hillwood-Dr-37205/home/87805161,REALTRACS,2208273,N,Y,36.1268309,-86.8662388
PAST SALE,March-31-2021,Multi-Family (5+ Unit),1719 6th Ave N,Nashville,TN,37208,1749000,8,4.0,Salemtown,5390,8712,1968,,324,,Sold,,,http://www.redfin.com/TN/Nashville/1719-6th-Ave-N-37208/home/108077387,REALTRACS,2217975,N,Y,36.182618,-86.794914
PAST SALE,April-28-2021,Single Family Residential,3048 Lebanon Rd,Nashville,TN,37214,1000000,4,2.5,Donelson Home & 7.2 Acre,5880,314938,1928,,170,,Sold,,,http://www.redfin.com/TN/Nashville/3048-Lebanon-Pike-37214/home/108035132,REALTRACS,2230343,N,Y,36.1855483,-86.6405022
PAST SALE,January-29-2021,Single Family Residential,6210 Hickory Valley Rd,Nashville,TN,37205,2300000,5,4.5,Hillwood Estates,5993,70131,1964,,384,,Sold,,,http://www.redfin.com/TN/Nashville/6210-Hickory-Valley-Rd-37205/home/108061363,REALTRACS,2121315,N,Y,36.1200913,-86.87531
PAST SALE,April-29-2021,Single Family Residential,309 Lynnwood Blvd,Nashville,TN,37205,3350000,5,5.0,Belle Meade,9574,113256,1987,,350,,Sold,,,http://www.redfin.com/TN/Nashville/309-Lynnwood-Blvd-37205/home/60846371,REALTRACS,2226114,N,Y,36.114393,-86.8489011
PAST SALE,January-29-2021,Single Family Residential,1006 Grandview Dr,Nashville,TN,37204,1750000,4,4.5,Noels Oriental Golf Club,5015,17859,2020,,349,,Sold,,,http://www.redfin.com/TN/Nashville/1006-Grandview-Dr-37204/home/108063973,REALTRACS,2224353,N,Y,36.1075916,-86.7896764
PAST SALE,November-12-2020,Single Family Residential,4002 Lealand Ln,Nashville,TN,37204,1760000,5,5.0,Lipscomb Heights,5629,24829,2017,,313,,Sold,,,http://www.redfin.com/TN/Nashville/4002-Lealand-Ln-37204/home/101644080,REALTRACS,2194735,N,Y,36.1050843,-86.7886432
PAST SALE,May-3-2021,Single Family Residential,813 Deercrossing,Nashville,TN,37220,3650000,5,6.0,Deer Run,8827,87555,2004,,414,,Sold,,,http://www.redfin.com/TN/Nashville/813-Deercrossing-37220/home/108065262,REALTRACS,2233173,N,Y,36.0481087,-86.7792307
PAST SALE,February-25-2021,Single Family Residential,114A Lasalle Ct,Nashville,TN,37205,1250000,5,5.0,Courts of Belle Meade,6169,2613,2015,,203,,Sold,,,http://www.redfin.com/TN/Nashville/114A-Lasalle-Ct-37205/home/147969621,REALTRACS,2173586,N,Y,36.1021359,-86.8625158
PAST SALE,January-4-2021,Single Family Residential,2900 Tyne Blvd,Nashville,TN,37215,2500000,5,6.5,Green Hills/Belle Meade,7299,49222,2005,,343,,Sold,,,http://www.redfin.com/TN/Nashville/2900-Tyne-Blvd-37215/home/60726233,REALTRACS,2183606,N,Y,36.0855167,-86.8506536
PAST SALE,April-20-2021,Single Family Residential,808 Lynnwood Blvd,Nashville,TN,37205,2500000,5,5.5,Davidson County,5947,24829,2015,,420,,Sold,,,http://www.redfin.com/TN/Nashville/808-Lynnwood-Blvd-37205/home/60723095,REALTRACS,2219544,N,Y,36.0910219,-86.849415
PAST SALE,April-2-2021,Single Family Residential,106 Brookfield Ave,Nashville,TN,37205,2455000,5,6.0,Highlands Of Belle Meade,6514,20037,2020,,377,,Sold,,,http://www.redfin.com/TN/Nashville/106-Brookfield-Ave-37205/home/108067689,REALTRACS,2221924,N,Y,36.093718,-86.8748202
PAST SALE,April-30-2021,Single Family Residential,1091 Lynnwood Blvd,Nashville,TN,37215,2762500,5,5.5,Chickering Hills,6070,81021,1966,,455,,Sold,,,http://www.redfin.com/TN/Nashville/1091-Lynnwood-Blvd-37215/home/108096539,REALTRACS,2249074,N,Y,36.077985,-86.848518
PAST SALE,,Single Family Residential,416 Powder Mill Rd,Nashville,TN,37205,2400000,5,6.0,,5938,69696,2008,,404,,,,,http://www.redfin.com/TN/Nashville/416-Powder-Mill-Rd-37205/home/108004060,,,N,Y,36.1156327,-86.8767205
PAST SALE,March-15-2021,Single Family Residential,758 Saussy Pl,Nashville,TN,37205,1285000,4,4.0,Woods Of West Meade,5500,16988,2019,,234,,Sold,,,http://www.redfin.com/TN/Nashville/758-Saussy-Pl-37205/home/60745621,REALTRACS,2194355,N,Y,36.113365,-86.9138059
PAST SALE,February-5-2021,Single Family Residential,425 Rolling Mill Rd,Old Hickory,TN,37138,720000,4,4.5,Brandywine Farms,5128,44866,1984,,140,,Sold,,,http://www.redfin.com/TN/Old-Hickory/425-Rolling-Mill-Rd-37138/home/68767666,REALTRACS,2215742,N,Y,36.2339554,-86.6137635
PAST SALE,,Single Family Residential,3223 Lakeshore Dr,Old Hickory,TN,37138,1475000,4,4.5,,6762,31363,1940,,218,,,,,http://www.redfin.com/TN/Old-Hickory/3223-Lakeshore-Dr-37138/home/108134244,,,N,Y,36.241792,-86.6253082
PAST SALE,February-24-2021,Single Family Residential,946 Carlin Dr,Goodlettsville,TN,37072,550000,3,3.5,Plantation Estates,5760,158558,1972,,95,,Sold,,,http://www.redfin.com/TN/Goodlettsville/946-Carlin-St-37072/home/60766205,REALTRACS,2167870,N,Y,36.3001413,-86.7449507
PAST SALE,November-23-2020,Multi-Family (5+ Unit),2701 Biloxi Ave,Nashville,TN,37204,3275000,13,8.0,6 On Biloxi,11568,871,2017,,283,,Sold,,,http://www.redfin.com/TN/Nashville/2701-Biloxi-Ave-37204/home/144496731,REALTRACS,2187310,N,Y,36.1230785,-86.7744877
PAST SALE,December-21-2020,Single Family Residential,200 Jackson Blvd,Nashville,TN,37205,6825000,5,4.5,Bransford/Deer Park,9304,53143,2019,,734,,Sold,,,http://www.redfin.com/TN/Nashville/200-Jackson-Blvd-37205/home/87805702,REALTRACS,2214474,N,Y,36.1124956,-86.8613009
PAST SALE,January-19-2021,Single Family Residential,4822 Post Rd,Nashville,TN,37205,2325000,5,7.0,Hill Place,9412,64904,2001,,247,327,Sold,,,http://www.redfin.com/TN/Nashville/4822-Post-Rd-37205/home/105432628,REALTRACS,2150614,N,Y,36.1177,-86.8614248
PAST SALE,January-27-2021,Single Family Residential,4509 Price Circle Rd,Nashville,TN,37205,1375000,4,4.0,Hillwood Estates,5800,56192,2014,,237,,Sold,,,http://www.redfin.com/TN/Nashville/4509-Price-Circle-Rd-37205/home/68823302,REALTRACS,2189129,N,Y,36.1313775,-86.861732
PAST SALE,February-12-2021,Single Family Residential,1287 Old Hickory Blvd,Brentwood,TN,37027,1489000,5,3.5,Brentwood,5085,28314,2020,,293,,Sold,,,http://www.redfin.com/TN/Brentwood/1287-Old-Hickory-Blvd-37027/home/173934132,REALTRACS,2213173,N,Y,36.0412327,-86.8236081
PAST SALE,,Other,1613 Windy Ridge Dr,Brentwood,TN,37027,54000,,,,,28750,,,,,,,,http://www.redfin.com/TN/Brentwood/1613-Windy-Ridge-Dr-37027/home/60883352,,,N,Y,36.0503171,-86.8135964
PAST SALE,January-15-2021,Single Family Residential,4507A Granny White Pike,Nashville,TN,37204,1545000,5,5.5,Green Hills / Lipscomb,5073,17424,2015,,305,6,Sold,,,http://www.redfin.com/TN/Nashville/4507A-Granny-White-Pike-37204/home/147957885,REALTRACS,2199207,N,Y,36.0932421,-86.802361
PAST SALE,February-12-2021,Single Family Residential,4613 Villa Green Dr,Nashville,TN,37215,2360000,5,6.0,Seven Hills,5593,43560,2018,,422,,Sold,,,http://www.redfin.com/TN/Nashville/4613-Villa-Green-Dr-37215/home/108003565,REALTRACS,2220229,N,Y,36.0871828,-86.8165228
PAST SALE,December-30-2020,Single Family Residential,4606 Shys Hill Rd,Nashville,TN,37215,3275000,5,7.0,Seven Hills,8400,58806,2019,,390,,Sold,,,http://www.redfin.com/TN/Nashville/4606-Shys-Hill-Rd-37215/home/105562609,REALTRACS,2203246,N,Y,36.0888281,-86.8097751
PAST SALE,February-25-2021,Single Family Residential,5020 Franklin Pike,Nashville,TN,37220,1200000,4,4.5,Oak Hill,5479,84506,1960,,219,,Sold,,,http://www.redfin.com/TN/Nashville/5020-Franklin-Pike-37220/home/108091499,REALTRACS,2216910,N,Y,36.070077,-86.773182
PAST SALE,April-28-2021,Single Family Residential,1027A Battery Ln,Nashville,TN,37220,1798900,5,5.5,Homes at Battery Cove,5647,32670,2020,,319,275,Sold,,,http://www.redfin.com/TN/Nashville/1027A-Battery-Ln-37220/home/172508449,REALTRACS,2220150,N,Y,36.0880894,-86.7946645
PAST SALE,May-7-2021,Single Family Residential,4656 Tara Dr,Nashville,TN,37215,2899000,5,4.5,Tynewood Estates,5714,60983,2021,,507,,Sold,,,http://www.redfin.com/TN/Nashville/4656-Tara-Dr-37215/home/108040039,REALTRACS,2251849,N,Y,36.081348,-86.8204847
PAST SALE,,Single Family Residential,402 Ellendale Ave,Nashville,TN,37205,2505000,4,5.0,,6340,56192,1936,,395,,,,,http://www.redfin.com/TN/Nashville/402-Ellendale-Ave-37205/home/107990258,,,N,Y,36.11347,-86.8522146
PAST SALE,March-10-2021,Single Family Residential,3712 Richland Ave,Nashville,TN,37205,2220000,6,5.0,Richland-West End,5826,12196,1915,,381,,Sold,,,http://www.redfin.com/TN/Nashville/3712-Richland-Ave-37205/home/108027410,REALTRACS,2209877,N,Y,36.1347365,-86.8297802
PAST SALE,December-22-2020,Single Family Residential,325 Whitworth Way,Nashville,TN,37205,724000,4,3.5,Whitworth,5136,7405,1997,,141,347,Sold,,,http://www.redfin.com/TN/Nashville/325-Whitworth-Way-37205/home/103499147,REALTRACS,2180208,N,Y,36.1266075,-86.8197983
PAST SALE,,Single Family Residential,28 Lynwood Ln,Nashville,TN,37205,2160000,4,4.0,,6955,49658,1935,,311,,,,,http://www.redfin.com/TN/Nashville/28-Lynwood-Ln-37205/home/105541396,,,N,Y,36.1155337,-86.8469348
PAST SALE,April-7-2021,Single Family Residential,3910 Wallace Ln,Nashville,TN,37215,2600000,5,5.5,Green Hills,5800,27878,2018,,448,,Sold,,,http://www.redfin.com/TN/Nashville/3910-Wallace-Ln-37215/home/108126644,REALTRACS,2227307,N,Y,36.108321,-86.8339174
PAST SALE,February-24-2021,Single Family Residential,145 Cross Timbers Dr,Nashville,TN,37221,495000,7,7.0,Cross Timbers,5774,43560,1899,,86,,Sold,,,http://www.redfin.com/TN/Nashville/145-Cross-Timbers-Dr-37221/home/108130120,REALTRACS,2222292,N,Y,36.0775287,-86.935689
PAST SALE,February-22-2021,Single Family Residential,4500 Carlton Dr,Nashville,TN,37215,2424500,5,6.0,Forest Hills,7154,48787,2020,,339,,Sold,,,http://www.redfin.com/TN/Nashville/4500-Carlton-Dr-37215/home/108002893,REALTRACS,2182217,N,Y,36.085169,-86.837916
PAST SALE,February-1-2021,Single Family Residential,23 Northumberland,Nashville,TN,37215,2520000,4,4.5,Northumberland,7244,49222,1990,,348,450,Sold,,,http://www.redfin.com/TN/Nashville/23-Northumberland-37215/home/108038440,REALTRACS,2170246,N,Y,36.08878,-86.835161
PAST SALE,,Condo/Co-op,902 Dorset Dr,Brentwood,TN,37027,1840000,5,5.5,,5972,,2015,,308,,,,,http://www.redfin.com/TN/Brentwood/902-Dorset-Dr-37027/home/112482906,,,N,Y,36.0427371,-86.8154073
PAST SALE,January-15-2021,Single Family Residential,5890 E Ashland Dr,Nashville,TN,37215,1032500,6,5.5,Otter Creek Hills,5494,64904,1965,,188,,Sold,,,http://www.redfin.com/TN/Nashville/5890-E-Ashland-Dr-37215/home/60843947,REALTRACS,2161847,N,Y,36.065228,-86.832821
PAST SALE,December-8-2020,Single Family Residential,5001 High Valley Dr,Brentwood,TN,37027,2800000,4,6.0,High Valley,8188,135907,1998,,342,58,Sold,,,http://www.redfin.com/TN/Brentwood/5001-High-Valley-Dr-37027/home/108028710,REALTRACS,2056511,N,Y,36.0508335,-86.8094193
PAST SALE,December-8-2020,Single Family Residential,5033 High Valley Dr,Brentwood,TN,37027,1455000,4,5.5,High Valley,7139,40075,2001,,204,58,Sold,,,http://www.redfin.com/TN/Brentwood/5033-High-Valley-Dr-37027/home/108099727,REALTRACS,2182241,N,Y,36.0526693,-86.8087354
PAST SALE,April-23-2021,Single Family Residential,14 Middleton Park Ln,Nashville,TN,37215,1500000,4,5.0,Middleton,5147,13068,2003,,291,192,Sold,,,http://www.redfin.com/TN/Nashville/14-Middleton-Park-Ln-37215/home/108010267,REALTRACS,2214646,N,Y,36.0476883,-86.874448
PAST SALE,January-15-2021,Single Family Residential,328 White Swans Xing,Nashville,TN,37215,2500000,5,6.0,Cambridge Downs,8073,88426,2007,,310,333,Sold,,,http://www.redfin.com/TN/Nashville/328-White-Swans-XING-37215/home/172553373,REALTRACS,2157630,N,Y,36.0472021,-86.84676974
PAST SALE,February-26-2021,Single Family Residential,1206 Belle Meade Blvd,Nashville,TN,37205,5305000,6,6.0,Belle Meade,10409,52272,2004,,510,,Sold,,,http://www.redfin.com/TN/Nashville/1206-Belle-Meade-Blvd-37205/home/108006652,REALTRACS,2153484,N,Y,36.0840499,-86.8652199
PAST SALE,December-15-2020,Single Family Residential,1500 Chickering Rd,Nashville,TN,37215,4950000,5,6.5,Forest Hills,5488,275299,2000,,902,,Sold,,,http://www.redfin.com/TN/Nashville/1500-Chickering-Rd-37215/home/108027955,REALTRACS,2179748,N,Y,36.070609,-86.869951
PAST SALE,December-11-2020,Single Family Residential,1 Agincourt Way,Brentwood,TN,37027,2675000,4,6.5,Agincourt,10263,121096,2008,,261,325,Sold,,,http://www.redfin.com/TN/Brentwood/1-Agincourt-Way-37027/home/102513292,REALTRACS,2181605,N,Y,36.0432475,-86.828035
PAST SALE,,Single Family Residential,4436 Tyne Blvd,Nashville,TN,37215,3350000,5,7.5,,6454,52272,1923,,519,,,,,http://www.redfin.com/TN/Nashville/4436-Tyne-Blvd-37215/home/108006567,,,N,Y,36.089438,-86.856992
PAST SALE,April-9-2021,Single Family Residential,135 Alton Rd,Nashville,TN,37205,2297146,5,5.5,Highlands Of Belle Meade,5607,20037,2020,,410,,Sold,,,http://www.redfin.com/TN/Nashville/135-Alton-Rd-37205/home/108002930,REALTRACS,2128023,N,Y,36.0909235,-86.871764
PAST SALE,April-1-2021,Single Family Residential,808 Crestwood Dr,Nashville,TN,37204,2550000,6,6.5,Crestwood Acres,6218,42688,2018,,410,,Sold,,,http://www.redfin.com/TN/Nashville/808-Crestwood-Dr-37204/home/107974150,REALTRACS,2236597,N,Y,36.0959074,-86.7817345
PAST SALE,,Single Family Residential,337 Margo Ln,Nashville,TN,37211,550000,3,4.0,,5531,22651,1960,,99,,,,,http://www.redfin.com/TN/Nashville/337-Margo-Ln-37211/home/108099648,,,N,Y,36.0714695,-86.7025887
PAST SALE,December-18-2020,Single Family Residential,3601 Brighton Rd,Nashville,TN,37205,3500000,4,3.5,Whitland / Bowling,5001,50965,2005,,700,,Sold,,,http://www.redfin.com/TN/Nashville/3601-Brighton-Rd-37205/home/87801409,REALTRACS,2203534,N,Y,36.1256172,-86.8272506
PAST SALE,December-16-2020,Single Family Residential,0 Elder Pl,Nashville,TN,37215,2930000,5,6.0,Green Hills,6324,40075,1925,,463,25,Sold,,,http://www.redfin.com/TN/NASHVILLE/ELDER-PL-37215/home/173048636,REALTRACS,2185980,N,Y,36.112548,-86.835966
PAST SALE,December-8-2020,Single Family Residential,4017 Wallace Ln,Nashville,TN,37215,1800000,5,5.0,Green Hills,6733,23522,2008,,267,,Sold,,,http://www.redfin.com/TN/Nashville/4017-Wallace-Ln-37215/home/60737700,REALTRACS,2173839,N,Y,36.1063182,-86.8351723
PAST SALE,December-11-2020,Single Family Residential,3310 Hobbs Rd,Nashville,TN,37215,1418000,5,5.5,3308 Hobbs Road Townhomes,5284,19166,2020,,268,,Sold,,,http://www.redfin.com/TN/Nashville/3310-Hobbs-Rd-37215/home/148401434,REALTRACS,2179212,N,Y,36.102487,-86.83036
PAST SALE,November-19-2020,Single Family Residential,3800 Estes Rd,Nashville,TN,37215,2300000,5,6.0,Green Hills,6324,25700,1925,,364,25,Sold,,,http://www.redfin.com/TN/Nashville/3800-Estes-Rd-37215/home/170542327,REALTRACS,2164282,N,Y,36.1125454,-86.8365055
PAST SALE,December-30-2020,Single Family Residential,6025 Lickton Pike,Goodlettsville,TN,37072,1282000,6,6.5,Goodlettsville,7207,774496,1972,,178,,Sold,,,http://www.redfin.com/TN/Goodlettsville/6025-Lickton-Pike-37072/home/60802357,REALTRACS,2206289,N,Y,36.3432446,-86.7610115
PAST SALE,March-8-2021,Single Family Residential,4112 Brandywine Pointe Blvd,Old Hickory,TN,37138,1375000,5,5.5,Brandywine Pointe,8276,32670,1833,,166,95,Sold,,,http://www.redfin.com/TN/Old-Hickory/4112-Brandywine-Pointe-Blvd-37138/home/68791623,REALTRACS,2221195,N,Y,36.2371019,-86.6052543
PAST SALE,March-3-2021,Single Family Residential,3715 Sugartree Pl,Nashville,TN,37215,1412000,6,4.5,Woodmont Estates,6297,3049,2008,,224,,Sold,,,http://www.redfin.com/TN/Nashville/3715-Sugartree-Pl-37215/home/108049264,REALTRACS,2215348,N,Y,36.1089923,-86.8276076
PAST SALE,March-4-2021,Single Family Residential,3919 Vailwood Dr,Nashville,TN,37215,1575000,5,4.5,Wallace,6369,20037,2007,,247,,Sold,,,http://www.redfin.com/TN/Nashville/3919-Vailwood-Dr-37215/home/108004389,REALTRACS,2201214,N,Y,36.1075638,-86.8309371
PAST SALE,April-22-2021,Single Family Residential,413 Lynnwood Blvd,Nashville,TN,37205,1912000,5,4.5,Belle Meade - Royal Oaks,5026,28314,1939,,380,,Sold,,,http://www.redfin.com/TN/Nashville/413-Lynnwood-Blvd-37205/home/60739360,REALTRACS,2227342,N,Y,36.1083334,-86.8448766
PAST SALE,April-26-2021,Single Family Residential,4013 Dorcas Dr,Nashville,TN,37215,2495000,5,5.5,Green Hills,6045,20037,2021,,413,,Sold,,,http://www.redfin.com/TN/Nashville/4013-Dorcas-Dr-37215/home/108069338,REALTRACS,2208589,N,Y,36.1064273,-86.8417401
PAST SALE,May-7-2021,Single Family Residential,3617 Central Ave,Nashville,TN,37205,2551800,5,3.5,Richland Realty Co,5179,9583,1910,,493,,Sold,,,http://www.redfin.com/TN/Nashville/3617-Central-Ave-37205/home/108003553,REALTRACS,2245429,N,Y,36.1362493,-86.8276624
PAST SALE,December-21-2020,Single Family Residential,1209 Sweetbriar Ave,Nashville,TN,37212,2448700,5,5.0,Belmont 12 South,6078,14810,2020,,403,,Sold,,,http://www.redfin.com/TN/Nashville/1209-Sweetbriar-Ave-37212/home/108082953,REALTRACS,2181210,N,Y,36.123575,-86.7907346
PAST SALE,November-20-2020,Single Family Residential,5427 Granny White Pike,Brentwood,TN,37027,1900000,5,5.5,Forrest hills,5369,44431,2020,,354,,Sold,,,http://www.redfin.com/TN/Brentwood/5427-Granny-White-Pike-37027/home/108028803,REALTRACS,2199401,N,Y,36.0586465,-86.8157338
PAST SALE,December-4-2020,Single Family Residential,213 Woodford Pl,Nashville,TN,37215,1075000,5,5.5,Hounds Run,5495,54450,1996,,196,17,Sold,,,http://www.redfin.com/TN/Nashville/213-Woodford-Pl-37215/home/108115789,REALTRACS,2202299,N,Y,36.056001,-86.8210919
PAST SALE,December-31-2020,Single Family Residential,4052 Outer Dr,Nashville,TN,37204,2100000,5,5.0,Oak Hill,5436,20037,2020,,386,,Sold,,,http://www.redfin.com/TN/Nashville/4052-Outer-Dr-37204/home/108132551,REALTRACS,2191926,N,Y,36.1000383,-86.7839328
PAST SALE,December-22-2020,Single Family Residential,2715 Hemingway Dr,Nashville,TN,37215,2460000,5,6.0,Tyne Meade,5450,41382,2020,,451,,Sold,,,http://www.redfin.com/TN/Nashville/2715-Hemingway-Dr-37215/home/87816375,REALTRACS,2212748,N,Y,36.0843387,-86.8479772
PAST SALE,,Single Family Residential,2046 Fransworth Dr,Nashville,TN,37205,4450000,5,6.5,,7651,51836,2002,,582,,,,,http://www.redfin.com/TN/Nashville/2046-Fransworth-Dr-37205/home/68789306,,,N,Y,36.1206241,-86.8664543
PAST SALE,November-13-2020,Single Family Residential,724 Brownlee Dr,Nashville,TN,37205,2350000,5,5.0,West Meade,7431,42253,2020,,316,,Sold,,,http://www.redfin.com/TN/Nashville/724-Brownlee-Dr-37205/home/108004693,REALTRACS,2171115,N,Y,36.1151606,-86.8822249
PAST SALE,November-16-2020,Single Family Residential,259 Vaughns Gap Rd,Nashville,TN,37205,2495000,5,6.0,West Meade Farms,6643,105415,2020,,376,,Sold,,,http://www.redfin.com/TN/Nashville/259-Vaughns-Gap-Rd-37205/home/108038384,REALTRACS,2178561,N,Y,36.1014702,-86.8956993
PAST SALE,May-7-2021,Single Family Residential,114B Lasalle Ct,Nashville,TN,37205,1265000,5,5.0,114 Lasalle Cottages,6169,2613,2015,,205,,Sold,,,http://www.redfin.com/TN/Nashville/114B-Lasalle-Ct-37205/home/129900576,REALTRACS,2223489,N,Y,36.1020186,-86.8625756
PAST SALE,January-4-2021,Single Family Residential,5412 Stone Box Ln,Brentwood,TN,37027,835000,4,3.5,Stone Box Creek,5169,63597,1994,,162,15,Sold,,,http://www.redfin.com/TN/Brentwood/5412-Stone-Box-Ln-37027/home/60753338,REALTRACS,2207188,N,Y,36.0483137,-86.7664222
PAST SALE,December-14-2020,Single Family Residential,831 Tyne Blvd,Nashville,TN,37220,2687500,4,4.0,Oak Hill,6377,87120,1987,,421,63,Sold,,,http://www.redfin.com/TN/Nashville/831-Tyne-Blvd-37220/home/87830032,REALTRACS,2179140,N,Y,36.0770887,-86.7779777
PAST SALE,January-7-2021,Single Family Residential,746 Benton Ave,Nashville,TN,37204,2000000,7,6.5,Historic Waverly,9150,22651,1910,,219,,Sold,,,http://www.redfin.com/TN/Nashville/746-Benton-Ave-37204/home/60685979,REALTRACS,2092404,N,Y,36.1326933,-86.7774975
PAST SALE,December-23-2020,Single Family Residential,6400 Bresslyn Rd,Nashville,TN,37205,1800000,5,5.5,West Meade Farms,5276,52707,2020,,341,,Sold,,,http://www.redfin.com/TN/Nashville/6400-Bresslyn-Rd-37205/home/108092242,REALTRACS,2216365,N,Y,36.1090061,-86.895151
PAST SALE,February-25-2021,Single Family Residential,4406 Chickering Ln,Nashville,TN,37215,10000000,6,8.0,Belle Meade,8040,183823,1934,,1244,,Sold,,,http://www.redfin.com/TN/Nashville/4406-Chickering-Ln-37215/home/60757717,REALTRACS,2237419,N,Y,36.0725197,-86.8599392
PAST SALE,March-16-2021,Single Family Residential,19 Middleton Park Ln,Nashville,TN,37215,1775000,4,5.0,MIDDLETON,6237,25700,1997,,285,283,Sold,,,http://www.redfin.com/TN/Nashville/19-Middleton-Park-Ln-37215/home/108056319,REALTRACS,2230312,N,Y,36.0464794,-86.8736644
PAST SALE,December-18-2020,Single Family Residential,6420 Jocelyn Hollow Rd,Nashville,TN,37205,2650000,7,6.5,West Meade Farms,7299,81892,2020,,363,,Sold,,,http://www.redfin.com/TN/Nashville/6420-Jocelyn-Hollow-Rd-37205/home/108002374,REALTRACS,2186743,N,Y,36.1034213,-86.8924094
PAST SALE,December-1-2020,Single Family Residential,425 Jackson Blvd,Nashville,TN,37205,6500000,4,5.5,Belle Meade,7828,43560,1996,,830,,Sold,,,http://www.redfin.com/TN/Nashville/425-Jackson-Blvd-37205/home/60790189,REALTRACS,2213889,N,Y,36.1064666,-86.8537558
PAST SALE,December-15-2020,Single Family Residential,607 Belle Meade Blvd,Nashville,TN,37205,3400000,6,6.0,Belle Meade,8744,30491,1925,,389,,Sold,,,http://www.redfin.com/TN/Nashville/607-Belle-Meade-Blvd-37205/home/87810324,REALTRACS,2200989,N,Y,36.1007924,-86.8573619
PAST SALE,March-25-2021,Single Family Residential,6437 Bresslyn Rd,Nashville,TN,37205,1499999,6,5.5,West Meade Farms,5268,51400,1957,,285,,Sold,,,http://www.redfin.com/TN/Nashville/6437-Bresslyn-Rd-37205/home/108026342,REALTRACS,2229567,N,Y,36.105367,-86.8963063
PAST SALE,March-23-2021,Single Family Residential,312 Terry Trce,Nashville,TN,37205,1425000,6,5.5,Vaughns Gap Valley,9024,98010,1998,,158,,Sold,,,http://www.redfin.com/TN/Nashville/312-Terry-Trce-37205/home/60773780,REALTRACS,2121362,N,Y,36.0970889,-86.8878462
PAST SALE,,Single Family Residential,649 Belle Park Cir,Nashville,TN,37205,3550000,4,4.5,,8202,9583,2013,,433,,,,,http://www.redfin.com/TN/Nashville/649-Belle-Park-Cir-37205/home/108046130,,,N,Y,36.0864047,-86.8708976
PAST SALE,April-13-2021,Single Family Residential,6230 Robin Hill Rd,Nashville,TN,37205,1825000,5,6.5,West Meade Farms,6421,42253,2020,,284,,Sold,,,http://www.redfin.com/TN/Nashville/6230-Robin-Hill-Rd-37205/home/107986596,REALTRACS,2191858,N,Y,36.1069481,-86.8844578
PAST SALE,March-29-2021,Single Family Residential,200 Middleton Ct,Nashville,TN,37215,1950000,4,5.0,Middleton,5189,12632,2014,,376,192,Sold,,,http://www.redfin.com/TN/Nashville/200-Middleton-Ct-37215/home/60906742,REALTRACS,2229123,N,Y,36.0487152,-86.8747615
PAST SALE,,Condo/Co-op,114 Lasalle Ct Unit A,Nashville,TN,37205,1250000,4,5.0,,4916,,2014,,254,,,,,http://www.redfin.com/TN/Nashville/114-Lasalle-Ct-37205/unit-A/home/87812005,,,N,Y,36.102067,-86.862516
PAST SALE,May-3-2021,Single Family Residential,1023 Stonebridge Park Dr,Franklin,TN,37069,915000,4,4.5,Stonebridge Park Sec 1,5281,17424,1998,,173,75,Sold,,,http://www.redfin.com/TN/Franklin/1023-Stonebridge-Park-Dr-37069/home/68775898,REALTRACS,2239259,N,Y,36.0443324,-86.9022128
PAST SALE,December-15-2020,Single Family Residential,3506 Hopkins St,Nashville,TN,37215,2054519,5,5.0,Green Hills,5132,20473,2020,,400,,Sold,,,http://www.redfin.com/TN/Nashville/3506-Hopkins-St-37215/home/171820514,REALTRACS,2152319,N,Y,36.1120973,-86.8059505
PAST SALE,March-11-2021,Single Family Residential,2301 Golf Club Ln,Nashville,TN,37215,4600000,7,5.5,Golf Club,7168,69696,1951,,642,,Sold,,,http://www.redfin.com/TN/Nashville/2301-Golf-Club-Ln-37215/home/60848025,REALTRACS,2236912,N,Y,36.11813,-86.8159015
PAST SALE,,Single Family Residential,4516 Shys Hill Rd,Nashville,TN,37215,1900000,4,5.5,,6244,24829,2008,,304,,,,,http://www.redfin.com/TN/Nashville/4516-Shys-Hill-Rd-37215/home/108127448,,,N,Y,36.0923879,-86.810838
PAST SALE,November-16-2020,Single Family Residential,3308 Hobbs Rd,Nashville,TN,37215,1445000,5,5.5,3308 Hobbs Road Townhomes,5761,19166,2020,,251,,Sold,,,http://www.redfin.com/TN/Nashville/3308-Hobbs-Rd-37215/home/60712247,REALTRACS,2150823,N,Y,36.1024546,-86.8302996
PAST SALE,December-23-2020,Single Family Residential,4002 Wallace Ln,Nashville,TN,37215,2564691,5,5.5,Green Hills,6152,50093,2020,,417,,Sold,,,http://www.redfin.com/TN/Nashville/4002-Wallace-Ln-37215/home/108127785,REALTRACS,2215708,N,Y,36.1067817,-86.8334469
PAST SALE,January-7-2021,Single Family Residential,2800 Valley Brook Pl,Nashville,TN,37215,1499000,4,4.5,Green Hills,5306,13939,2019,,283,,Sold,,,http://www.redfin.com/TN/Nashville/2800-Valley-Brook-Pl-37215/home/148398262,REALTRACS,2150141,N,Y,36.1126943,-86.8287582
PAST SALE,February-22-2021,Single Family Residential,125 Abbottsford,Nashville,TN,37215,945000,4,4.5,Abbottsford,5194,7840,1990,,182,270,Sold,,,http://www.redfin.com/TN/Nashville/125-Abbottsford-37215/home/108094623,REALTRACS,2220705,N,Y,36.1045059,-86.8275643
PAST SALE,,Condo/Co-op,3308 Hobbs Rd,Nashville,TN,37215,1445000,5,5.5,,5517,,2020,,262,,,,,http://www.redfin.com/TN/Nashville/3308-Hobbs-Rd-37215/home/148401435,,,N,Y,36.1024546,-86.8302996
PAST SALE,December-14-2020,Single Family Residential,3003 Hobbs Rd Unit A,Nashville,TN,37215,1700000,5,5.5,Green Hills,5579,40510,2020,,305,,Sold,,,http://www.redfin.com/TN/Nashville/3003-Hobbs-Rd-37215/unit-A/home/170542557,REALTRACS,2202855,N,Y,36.1014023,-86.8288978
PAST SALE,December-4-2020,Single Family Residential,3536 Trimble Rd,Nashville,TN,37215,2330000,5,5.5,Green Hills,6361,38332,2020,,366,,Sold,,,http://www.redfin.com/TN/Nashville/3536-Trimble-Rd-37215/home/60906414,REALTRACS,2168909,N,Y,36.0944985,-86.8300939
PAST SALE,April-16-2021,Single Family Residential,107 Abbottsford,Nashville,TN,37215,1585000,3,5.0,Abbottsford,5106,6098,1988,,310,295,Sold,,,http://www.redfin.com/TN/Nashville/107-Abbottsford-37215/home/108005981,REALTRACS,2234010,N,Y,36.1062759,-86.8295449
PAST SALE,,Single Family Residential,612 Cantrell Ave,Nashville,TN,37215,2000000,5,5.0,,6029,23087,1968,,332,,,,,http://www.redfin.com/TN/Nashville/612-Cantrell-Ave-37215/home/108130703,,,N,Y,36.12212,-86.831428
PAST SALE,January-11-2021,Single Family Residential,4208 Arundel Ct,Nashville,TN,37215,1770000,4,5.0,Arundel,5009,6969,2008,,353,500,Sold,,,http://www.redfin.com/TN/Nashville/4208-Arundel-Ct-37215/home/108046574,REALTRACS,2198386,N,Y,36.1114366,-86.8362702
PAST SALE,December-22-2020,Single Family Residential,903 Estes Rd,Nashville,TN,37215,2900000,5,7.5,Green Hills,7668,32670,1906,,378,,Sold,,,http://www.redfin.com/TN/Nashville/903-Estes-Rd-37215/home/87827116,REALTRACS,2200950,N,Y,36.119787,-86.836371
PAST SALE,December-31-2020,Single Family Residential,7 Wyndham Pl,Nashville,TN,37215,1050000,6,7.5,Green Hills,7010,7840,1989,,150,233,Sold,,,http://www.redfin.com/TN/Nashville/7-Wyndham-Pl-37215/home/60746221,REALTRACS,2207260,N,Y,36.1108531,-86.8366624
PAST SALE,December-15-2020,Single Family Residential,4008 Dorcas Dr,Nashville,TN,37215,1675000,5,6.5,Green Hills,7451,21780,2008,,225,,Sold,,,http://www.redfin.com/TN/Nashville/4008-Dorcas-Dr-37215/home/108126900,REALTRACS,2192105,N,Y,36.1069777,-86.8408971
PAST SALE,December-28-2020,Single Family Residential,1306 Lone Oak Cir,Nashville,TN,37215,1935000,5,6.5,Green Hills,6283,27007,2017,,308,,Sold,,,http://www.redfin.com/TN/Nashville/1306-Lone-Oak-Cir-37215/home/60863361,REALTRACS,2170674,N,Y,36.0939101,-86.8078526
PAST SALE,December-7-2020,Single Family Residential,4417B Granny White Pike,Nashville,TN,37204,2320000,5,5.5,Green Hills,6105,15899,2020,,380,,Sold,,,http://www.redfin.com/TN/Nashville/4417-Granny-White-Pike-37204/home/87806684,REALTRACS,2193037,N,Y,36.097423,-86.801642
PAST SALE,January-11-2021,Single Family Residential,4025 Graybar Ct,Nashville,TN,37215,1650000,4,4.5,Graymont,5045,7405,2020,,327,25,Sold,,,http://www.redfin.com/TN/Nashville/4025-Graybar-Ct-37215/home/112485125,REALTRACS,2205395,N,Y,36.11302,-86.807127
PAST SALE,November-12-2020,Single Family Residential,1308 Lone Oak Cir,Nashville,TN,37215,2203850,5,5.5,Green Hills,5942,26136,2020,,371,,Sold,,,http://www.redfin.com/TN/Nashville/1308-Lone-Oak-Cir-37215/home/108004864,REALTRACS,2208047,N,Y,36.0939867,-86.808343
PAST SALE,February-26-2021,Single Family Residential,2055 Timberwood Dr,Nashville,TN,37215,2435000,6,7.0,Forest Hills Community,7067,82764,2008,,345,,Sold,,,http://www.redfin.com/TN/Nashville/2055-Timberwood-Dr-37215/home/60705927,REALTRACS,2220990,N,Y,36.067008,-86.848222
PAST SALE,January-18-2021,Single Family Residential,1788 Woodsong Dr,Brentwood,TN,37027,4053831,5,7.0,Voce,6149,57499,2021,,659,334,Sold,,,http://www.redfin.com/TN/Brentwood/1788-Woodsong-Dr-37027/home/146888178,REALTRACS,2221134,N,Y,36.052056,-86.810614
PAST SALE,April-29-2021,Single Family Residential,39 Annandale,Nashville,TN,37215,1510000,5,5.5,Otter Wood,8072,52272,1994,,187,122,Sold,,,http://www.redfin.com/TN/Nashville/39-Annandale-37215/home/60806413,REALTRACS,2232875,N,Y,36.0521038,-86.8332928
PAST SALE,December-7-2020,Condo/Co-op,1078 Archer St,Nashville,TN,37203,2400000,8,9.0,Gulch View / Southside Est,7418,9583,2020,,324,,Sold,,,http://www.redfin.com/TN/Nashville/1078-Archer-St-37203/home/108007506,REALTRACS,2098159,N,Y,36.1453784,-86.7851301
PAST SALE,April-8-2021,Single Family Residential,836 Bradford Ave,Nashville,TN,37204,1475000,5,5.5,12th S,6381,11325,1910,,231,,Sold,,,http://www.redfin.com/TN/Nashville/836-Bradford-Ave-37204/home/108002672,REALTRACS,2208945,N,Y,36.128044,-86.78137
PAST SALE,March-1-2021,Single Family Residential,3625 Richland Ave (lot #8),Nashville,TN,37205,2697250,5,7.0,Richland Hall,7164,12196,2020,,377,45,Sold,,,http://www.redfin.com/TN/Nashville/3625-Richland-Ave-37205/home/144498813,REALTRACS,2141438,N,Y,36.135135,-86.8268926
PAST SALE,April-1-2021,Multi-Family (2-4 Unit),417 Park Cir,Nashville,TN,37205,1300000,7,6.0,417 Park Circle,5384,1306,2015,,241,,Sold,,,http://www.redfin.com/TN/Nashville/417-Park-Cir-37205/home/60908498,REALTRACS,2228571,N,Y,36.1412896,-86.8244228
PAST SALE,December-14-2020,Single Family Residential,4 Buckland Abbey,Nashville,TN,37215,1450000,4,4.5,Northumberland,5000,43560,1995,,290,450,Sold,,,http://www.redfin.com/TN/Nashville/4-Buckland-Abbey-37215/home/60759602,REALTRACS,2195569,N,Y,36.0916586,-86.8391479
PAST SALE,,Single Family Residential,504 Westview Ave,Nashville,TN,37205,2450000,4,5.0,,6578,28314,2003,,372,,,,,http://www.redfin.com/TN/Nashville/504-Westview-Ave-37205/home/107973938,,,N,Y,36.1047089,-86.8483719
PAST SALE,April-12-2021,Single Family Residential,309 Westview Ave,Nashville,TN,37205,2900000,5,6.5,Belle Meade,7193,53578,1989,,403,,Sold,,,http://www.redfin.com/TN/Nashville/309-Westview-Ave-37205/home/60755672,REALTRACS,2216866,N,Y,36.1121074,-86.848895
PAST SALE,April-2-2021,Single Family Residential,621 Westview Ave,Nashville,TN,37205,2970000,7,5.5,John Bruno,7036,87991,1937,,422,,Sold,,,http://www.redfin.com/TN/Nashville/621-Westview-Ave-37205/home/108053927,REALTRACS,2225029,N,Y,36.0996705,-86.8501494
PAST SALE,April-15-2021,Single Family Residential,3 Buckland Abbey,Nashville,TN,37215,1995000,4,5.5,Northumberland,6425,43560,1988,,311,450,Sold,,,http://www.redfin.com/TN/Nashville/3-Buckland-Abbey-37215/home/108048313,REALTRACS,2118913,N,Y,36.092001,-86.839333
PAST SALE,March-18-2021,Single Family Residential,1215 5th Ave N N,Nashville,TN,37208,2500000,9,8.5,Historic Germantown,7702,12196,1850,,325,,Sold,,,http://www.redfin.com/TN/Nashville/1215-5th-Ave-N-37208/unit-A/home/87815208,REALTRACS,2225909,N,Y,36.1758521,-86.7887118
PAST SALE,February-26-2021,Single Family Residential,4652 Tara Dr,Nashville,TN,37215,2600000,5,6.0,Tynewood Estates,5993,54014,2021,,434,,Sold,,,http://www.redfin.com/TN/Nashville/4652-Tara-Dr-37215/home/108096296,REALTRACS,2231348,N,Y,36.0820092,-86.820411
PAST SALE,January-22-2021,Single Family Residential,660 Belle Park Cir,Nashville,TN,37205,5350000,5,8.0,Jardin De Belle,9315,10454,2008,,574,125,Sold,,,http://www.redfin.com/TN/Nashville/660-Belle-Park-Cir-37205/home/60697095,REALTRACS,2185289,N,Y,36.0864724,-86.8713661
PAST SALE,February-26-2021,Single Family Residential,3901 Trimble Rd,Nashville,TN,37215,1885000,6,6.0,Green Hills,5566,34848,1950,,339,,Sold,,,http://www.redfin.com/TN/Nashville/3901-Trimble-Rd-37215/home/60778737,REALTRACS,2214176,N,Y,36.0944053,-86.8442885
PAST SALE,March-1-2021,Single Family Residential,4536 Carlton Dr,Nashville,TN,37215,2489000,5,6.0,Forest Hills,5580,42688,2021,,446,,Sold,,,http://www.redfin.com/TN/Nashville/4536-Carlton-Dr-37215/home/108038511,REALTRACS,2219960,N,Y,36.082217,-86.838643
PAST SALE,November-19-2020,Single Family Residential,4004 Harding Pl,Nashville,TN,37215,2720000,5,6.5,Royal Oaks,5649,43560,2008,,482,,Sold,,,http://www.redfin.com/TN/Nashville/4004-Harding-Pl-37215/home/108054254,REALTRACS,2187386,N,Y,36.0933237,-86.8467192
PAST SALE,December-4-2020,Single Family Residential,4621 Tara Dr,Nashville,TN,37215,2185000,5,5.5,Tynewood Estates,5403,54885,2018,,404,,Sold,,,http://www.redfin.com/TN/Nashville/4621-Tara-Dr-37215/home/108005998,REALTRACS,2193124,N,Y,36.0873451,-86.8206685
PAST SALE,April-23-2021,Single Family Residential,4617 Chalmers Dr,Nashville,TN,37215,2200000,5,5.5,Green Hills/Seven Hills,6138,44866,2020,,358,,Sold,,,http://www.redfin.com/TN/Nashville/4617-Chalmers-Dr-37215/home/108003921,REALTRACS,2218643,N,Y,36.0883967,-86.8183976
PAST SALE,March-31-2021,Single Family Residential,4530 Beacon Dr,Nashville,TN,37215,2705000,5,5.5,Green Hills,6555,53578,2021,,413,,Sold,,,http://www.redfin.com/TN/Nashville/4530-Beacon-Dr-37215/home/108027088,REALTRACS,2221775,N,Y,36.0858999,-86.8479443
PAST SALE,May-4-2021,Single Family Residential,4301 Forsythe Pl,Nashville,TN,37205,3995000,4,6.0,Belle Meade,5882,38332,2004,,679,,Sold,,,http://www.redfin.com/TN/Nashville/4301-Forsythe-Pl-37205/home/108114735,REALTRACS,2222794,N,Y,36.0881725,-86.8514997
PAST SALE,May-8-2021,Single Family Residential,118 Brook Hollow Rd,Nashville,TN,37205,1711000,6,4.5,West Meade Farms,6102,95832,1957,,280,,Sold,,,http://www.redfin.com/TN/Nashville/118-Brook-Hollow-Rd-37205/home/60725908,REALTRACS,2238796,N,Y,36.0979917,-86.8825775
PAST SALE,January-19-2021,Single Family Residential,2 Saint James Pl,Nashville,TN,37215,2825000,5,7.0,Forest Hills 6.84 acres,5764,297950,1977,,490,,Sold,,,http://www.redfin.com/TN/Nashville/2-St-James-Pl-37215/home/87806936,REALTRACS,2115628,N,Y,36.068345,-86.86442
PAST SALE,March-23-2021,Single Family Residential,4519 Beacon Dr,Nashville,TN,37215,2375000,5,6.0,Tyne Meade,5407,61419,2020,,439,,Sold,,,http://www.redfin.com/TN/Nashville/4519-Beacon-Dr-37215/home/108057485,REALTRACS,2228149,N,Y,36.0869759,-86.8456999
PAST SALE,December-16-2020,Single Family Residential,5813 Vine Ridge Dr,Nashville,TN,37205,1600000,4,4.5,Hillwood Estates,5455,39639,2020,,293,,Sold,,,http://www.redfin.com/TN/Nashville/5813-Vine-Ridge-Dr-37205/home/60867680,REALTRACS,2175606,N,Y,36.1316785,-86.8651415
PAST SALE,December-17-2020,Condo/Co-op,50 Lindsley Ave Unit A/B/C,Nashville,TN,37210,1891113,9,10.5,Homes At 50 Lindsley Avenu,7200,871,2020,,263,,Sold,,,http://www.redfin.com/TN/Nashville/50-Lindsley-Ave-37210/unit-A-B-C/home/173966218,REALTRACS,2214476,N,Y,36.1544113,-86.7647532
PAST SALE,February-4-2021,Single Family Residential,1127 Duncanwood Dr,Nashville,TN,37204,1800000,5,5.5,Green Hills,5176,19602,2020,,348,,Sold,,,http://www.redfin.com/TN/Nashville/1127-Duncanwood-Dr-37204/home/108095308,REALTRACS,2197062,N,Y,36.097689,-86.7968263
PAST SALE,February-12-2021,Single Family Residential,1025A Battery Ln,Nashville,TN,37220,1700000,6,5.5,Battery Cove,5610,32670,2019,,303,275,Sold,,,http://www.redfin.com/TN/Nashville/1025A-Battery-Ln-37220/home/172380686,REALTRACS,2223137,N,Y,36.0880829,-86.7943348
PAST SALE,December-9-2020,Condo/Co-op,1025B Battery Ln,Nashville,TN,37220,1850000,5,4.5,Homes At Battery Cove,5584,31363,2019,,331,300,Sold,,,http://www.redfin.com/TN/Nashville/1025-Battery-Ln-37220/unit-B/home/112485537,REALTRACS,2212411,N,Y,36.0885357,-86.7944203
PAST SALE,April-9-2021,Single Family Residential,915 Glendale Ln,Nashville,TN,37204,1950000,6,5.5,Oak Hill,6185,27007,2021,,315,,Sold,,,http://www.redfin.com/TN/Nashville/915-Glendale-Ln-37204/home/108086532,REALTRACS,2189432,N,Y,36.0920181,-86.7862338
PAST SALE,March-18-2021,Single Family Residential,1706B Stokes Ln,Nashville,TN,37215,1530000,4,5.0,Green Hills,5503,,2020,,278,,Sold,,,http://www.redfin.com/TN/Nashville/1706-Stokes-Ln-37215/unit-A/home/68814258,REALTRACS,2218659,N,Y,36.1178312,-86.8030657
PAST SALE,May-4-2021,Single Family Residential,1706A Stokes Ln,Nashville,TN,37215,1529000,4,5.0,Green Hills,5172,,2020,,296,,Sold,,,http://www.redfin.com/TN/Nashville/1706-Stokes-Ln-37215/unit-A/home/174899390,REALTRACS,2212822,N,Y,36.1178312,-86.8030657
PAST SALE,December-17-2020,Single Family Residential,4483 Heath Rd,Nashville,TN,37221,870000,4,4.5,Sullivans Ridge,5626,368517,1989,,155,,Sold,,,http://www.redfin.com/TN/Nashville/4483-Heath-Rd-37221/home/88368488,REALTRACS,2201780,N,Y,36.097446,-87.00209
PAST SALE,March-18-2021,Single Family Residential,6204 Vosswood Dr,Nashville,TN,37205,1918500,5,6.0,West Meade,5116,56192,2020,,375,,Sold,,,http://www.redfin.com/TN/Nashville/6204-Vosswood-Dr-37205/home/108005698,REALTRACS,2224900,N,Y,36.1111216,-86.8834785
PAST SALE,March-12-2021,Single Family Residential,6108 Hickory Valley Rd,Nashville,TN,37205,1800000,4,5.0,Hillwood Estates,5163,63597,1959,,349,,Sold,,,http://www.redfin.com/TN/Nashville/6108-Hickory-Valley-Rd-37205/home/107986468,REALTRACS,2215169,N,Y,36.1257689,-86.8743109
PAST SALE,December-2-2020,Single Family Residential,736 Greeley Dr,Nashville,TN,37205,1795000,6,6.0,Hillwood / West Meade,5411,55321,1959,,332,,Sold,,,http://www.redfin.com/TN/Nashville/736-Greeley-Dr-37205/home/108002447,REALTRACS,2168332,N,Y,36.123606,-86.8800115
PAST SALE,April-8-2021,Single Family Residential,4511 Price Circle Rd,Nashville,TN,37205,2150000,4,4.5,Hillwood Estates,5330,45302,2019,,403,,Sold,,,http://www.redfin.com/TN/Nashville/4511-Price-Circle-Rd-37205/home/107977719,REALTRACS,2242659,N,Y,36.1310907,-86.861989
PAST SALE,April-23-2021,Single Family Residential,817 Belton Dr,Nashville,TN,37205,1894546,5,6.5,Brook Meade,5451,62726,2020,,348,,Sold,,,http://www.redfin.com/TN/Nashville/817-Belton-Dr-37205/home/87821849,REALTRACS,2135457,N,Y,36.1233516,-86.8922919
PAST SALE,May-6-2021,Single Family Residential,125 Keyway Dr,Nashville,TN,37205,1835000,5,5.5,West Meade Farms,5385,25700,2021,,341,,Sold,,,http://www.redfin.com/TN/Nashville/125-Keyway-Dr-37205/home/108009058,REALTRACS,2248654,N,Y,36.1018625,-86.8748202
PAST SALE,January-12-2021,Single Family Residential,1043 Tyne Blvd,Nashville,TN,37220,5050000,5,7.5,Oak Hill,12014,108900,1973,,420,,Sold,,,http://www.redfin.com/TN/Nashville/1043-Tyne-Blvd-37220/home/108115548,REALTRACS,2167299,N,Y,36.0801496,-86.7985348
PAST SALE,December-28-2020,Single Family Residential,843 Battery Ln,Nashville,TN,37220,2445000,5,8.0,Green Hills,6579,44866,2020,,372,,Sold,,,http://www.redfin.com/TN/Nashville/843-Battery-Ln-37220/home/108111394,REALTRACS,2162193,N,Y,36.0864643,-86.77705
PAST SALE,March-29-2021,Single Family Residential,1138 Brookmeade Dr,Nashville,TN,37204,2000000,4,5.5,Duncanwood,5155,13939,2021,,388,,Sold,,,http://www.redfin.com/TN/Nashville/1138-Brookmeade-Dr-37204/home/108094308,REALTRACS,2237619,N,Y,36.0994605,-86.7980428
PAST SALE,,Single Family Residential,4780 Lealand Ln,Nashville,TN,37220,1700000,5,4.5,,6414,136343,1984,,265,,,,,http://www.redfin.com/TN/Nashville/4780-Lealand-Ln-37220/home/108129246,,,N,Y,36.0828482,-86.7904677
PAST SALE,May-5-2021,Single Family Residential,901 Van Leer Dr,Nashville,TN,37220,3150000,5,6.0,Oak Hill,6980,49658,2021,,451,,Sold,,,http://www.redfin.com/TN/Nashville/901-Van-Leer-Dr-37220/home/107979243,REALTRACS,2250903,N,Y,36.083983,-86.7819159
PAST SALE,April-9-2021,Single Family Residential,1138 Tyne Blvd,Nashville,TN,37220,2400000,5,5.5,Oak Hill,6055,72309,2009,,396,,Sold,,,http://www.redfin.com/TN/Nashville/1138-Tyne-Blvd-37220/home/108115305,REALTRACS,2212583,N,Y,36.081036,-86.804765
PAST SALE,January-15-2021,Single Family Residential,1780 Tyne Blvd,Nashville,TN,37215,1125000,5,3.5,Forest Hills,5002,87120,1962,,225,,Sold,,,http://www.redfin.com/TN/Nashville/1780-Tyne-Blvd-37215/home/68846094,REALTRACS,2170486,N,Y,36.0715541,-86.8270706
PAST SALE,February-19-2021,Single Family Residential,1275 Old Hickory Blvd,Brentwood,TN,37027,1125000,7,5.5,Brentwood,5159,43560,2005,,218,,Sold,,,http://www.redfin.com/TN/Brentwood/1275-Old-Hickory-Blvd-37027/home/60774118,REALTRACS,2188796,N,Y,36.0408287,-86.8227848
PAST SALE,March-15-2021,Single Family Residential,1308 Old Hickory Blvd,Brentwood,TN,37027,1725000,6,5.0,F F Elliott Property,5855,141134,1964,,295,,Sold,,,http://www.redfin.com/TN/Brentwood/1308-Old-Hickory-Blvd-37027/home/60698457,REALTRACS,2208538,N,Y,36.0428314,-86.8251327
PAST SALE,December-22-2020,Single Family Residential,817 Brentview Dr,Nashville,TN,37220,855000,6,5.0,Fieldcrest Estates,5591,48351,1959,,153,,Sold,,,http://www.redfin.com/TN/Nashville/817-Brentview-Dr-37220/home/108027982,REALTRACS,2168371,N,Y,36.069123,-86.778013
PAST SALE,January-14-2021,Single Family Residential,1605 Windy Ridge Dr,Brentwood,TN,37027,2550983,4,4.5,Voce,5404,21780,2021,,472,230,Sold,,,http://www.redfin.com/TN/Brentwood/1605-Windy-Ridge-Dr-37027/home/60883341,REALTRACS,2220007,N,Y,36.049792,-86.8147848
PAST SALE,March-26-2021,Single Family Residential,945 Travelers Ct,Nashville,TN,37220,1475000,5,5.5,Inns Of Granny White,7936,43560,2006,,186,33,Sold,,,http://www.redfin.com/TN/Nashville/945-Travelers-Ct-37220/home/87807020,REALTRACS,2225705,N,Y,36.0710916,-86.8054052
PAST SALE,April-6-2021,Single Family Residential,937 Travelers Ct,Nashville,TN,37220,1595000,5,4.5,Inns Of Granny White,7482,43560,2005,,213,33,Sold,,,http://www.redfin.com/TN/Nashville/937-Travelers-Ct-37220/home/63594549,REALTRACS,2224773,N,Y,36.071747,-86.804651
PAST SALE,March-12-2021,Single Family Residential,14141 Old Hickory Blvd,Antioch,TN,37013,1650000,4,4.0,Antioch,5360,1601265,1994,,308,,Sold,,,http://www.redfin.com/TN/Antioch/14141-Old-Hickory-Blvd-37013/home/68762594,REALTRACS,2160560,N,Y,36.010169,-86.675574
PAST SALE,,Condo/Co-op,4716 Trenton Dr,Hermitage,TN,37076,2910000,,,,17280,,1979,,168,,,,,http://www.redfin.com/TN/Hermitage/4716-Trenton-Dr-37076/home/108049406,,,N,Y,36.2137027,-86.5960935
PAST SALE,May-3-2021,Vacant Land,0 Rothwood Ave,Madison,TN,37115,22000,,,PLAN OF COVINGTON PLACE,,6098,,,,,Sold,,,http://www.redfin.com/TN/Madison/600-Rothwood-Ave-37115/home/108066214,REALTRACS,2248537,N,Y,36.2486969,-86.7022741
PAST SALE,April-16-2021,Single Family Residential,300 White Swans Xing,Brentwood,TN,37027,2879000,6,8.0,Cambridge Downs,8979,87555,2007,,321,333,Sold,,,http://www.redfin.com/TN/Brentwood/300-White-Swans-Xing-37027/home/108046063,REALTRACS,2224069,N,Y,36.0453512,-86.8466996
PAST SALE,March-3-2021,Single Family Residential,5034 Franklin Pike,Nashville,TN,37220,1750000,7,5.0,Ragland Estates,6249,82764,1958,,280,,Sold,,,http://www.redfin.com/TN/Nashville/5034-Franklin-Pike-37220/home/108048052,REALTRACS,2206140,N,Y,36.06765,-86.773256
PAST SALE,February-17-2021,Single Family Residential,1124 Radnor Glen Dr,Brentwood,TN,37027,1475000,4,4.5,High Ridge,5761,65340,2002,,256,,Sold,,,http://www.redfin.com/TN/Brentwood/1124-Radnor-Glen-Dr-37027/home/108062215,REALTRACS,2229385,N,Y,36.0546029,-86.8116465
PAST SALE,February-5-2021,Single Family Residential,909 Overton Lea Rd,Nashville,TN,37220,2500000,4,4.0,Oak Hill,6693,84070,1998,,374,,Sold,,,http://www.redfin.com/TN/Nashville/909-Overton-Lea-Rd-37220/home/102792547,REALTRACS,2194420,N,Y,36.074979,-86.7812639
PAST SALE,February-10-2021,Single Family Residential,6045 Sherwood Ct,Nashville,TN,37215,1400000,4,4.5,Forest Hills,5000,107593,2005,,280,,Sold,,,http://www.redfin.com/TN/Nashville/6045-Sherwood-Ct-37215/home/108092636,REALTRACS,2169250,N,Y,36.055257,-86.839688
PAST SALE,November-20-2020,Single Family Residential,1868 Laurel Ridge Dr,Nashville,TN,37215,1357000,6,5.0,Laurel Ridge,5014,53578,1968,,271,,Sold,,,http://www.redfin.com/TN/Nashville/1868-Laurel-Ridge-Dr-37215/home/108005103,REALTRACS,2194068,N,Y,36.069649,-86.8193919
PAST SALE,,Single Family Residential,6 Castlewood Ct,Nashville,TN,37215,925000,4,5.5,,6927,55757,1993,,134,,,,,http://www.redfin.com/TN/Nashville/6-Castlewood-Ct-37215/home/60726969,,,N,Y,36.0724017,-86.8424654
PAST SALE,April-15-2021,Single Family Residential,1021 Norfleet Dr,Nashville,TN,37220,2327500,5,6.0,Lakeview Manor,6144,47044,2020,,379,,Sold,,,http://www.redfin.com/TN/Nashville/1021-Norfleet-Dr-37220/home/108013683,REALTRACS,2193445,N,Y,36.0679091,-86.7954541
PAST SALE,February-25-2021,Single Family Residential,3704 Homeland Dr,Nashville,TN,37218,425000,7,5.0,Homeland Heights,5889,125452,1990,,72,,Sold,,,http://www.redfin.com/TN/Nashville/3704-Homeland-Dr-37218/home/60688366,REALTRACS,2143259,N,Y,36.2311458,-86.837525
PAST SALE,December-28-2020,Single Family Residential,33 Middleboro Ct,Nashville,TN,37215,1575000,5,5.5,Middleton,5495,21344,2008,,287,142,Sold,,,http://www.redfin.com/TN/Nashville/33-Middleboro-Ct-37215/home/108069173,REALTRACS,2199205,N,Y,36.0496954,-86.8734251
PAST SALE,February-26-2021,Single Family Residential,37 Castlewood Ct,Nashville,TN,37215,1600000,6,4.5,Castlewood,7463,47480,2000,,214,150,Sold,,,http://www.redfin.com/TN/Nashville/37-Castlewood-Ct-37215/home/60729527,REALTRACS,2215127,N,Y,36.073902,-86.844661
PAST SALE,April-27-2021,Single Family Residential,4411 Chickering Ln,Nashville,TN,37215,3800000,6,8.5,Forest Hills,9733,117612,1945,,390,,Sold,,,http://www.redfin.com/TN/Nashville/4411-Chickering-Ln-37215/home/108028198,REALTRACS,2248296,N,Y,36.072255,-86.862747
PAST SALE,December-18-2020,Single Family Residential,1220 Beautiful Valley Ct,Nashville,TN,37221,550000,5,4.5,Boone Trace,5407,15245,2005,,102,30,Sold,,,http://www.redfin.com/TN/Nashville/1220-Beautiful-Valley-Ct-37221/home/60834812,REALTRACS,2199478,N,Y,36.0850353,-87.0177057
PAST SALE,November-23-2020,Single Family Residential,7 Fox Vale Ln,Nashville,TN,37221,1117500,5,5.5,Fox Hollow Farms,7924,217800,1999,,141,150,Sold,,,http://www.redfin.com/TN/Nashville/7-Fox-Vale-Ln-37221/home/60705096,REALTRACS,2165131,N,Y,36.0086576,-87.0343289
PAST SALE,January-15-2021,Single Family Residential,2281 Old Hickory Blvd,Nashville,TN,37215,6399000,7,8.5,16 Acres,10898,696960,1940,,587,,Sold,,,http://www.redfin.com/TN/Nashville/2281-Old-Hickory-Blvd-37215/home/60680553,REALTRACS,2219668,N,Y,36.047809,-86.875989
PAST SALE,February-19-2021,Single Family Residential,2461 Old Hickory Blvd,Nashville,TN,37221,1436000,5,7.0,Devonshire Manor,5358,57063,2006,,268,,Sold,,,http://www.redfin.com/TN/Nashville/2461-Old-Hickory-Blvd-37221/home/108042868,REALTRACS,2220465,N,Y,36.0511317,-86.8901166
PAST SALE,April-29-2021,Single Family Residential,409 Saint Edmunds Ct,Brentwood,TN,37027,2580000,5,6.0,Cambridge Downs,8373,104979,2014,,308,333,Sold,,,http://www.redfin.com/TN/Brentwood/Brenton-Park-Ct-37027/home/68907622,REALTRACS,2216216,N,Y,36.045491,-86.849019
PAST SALE,April-20-2021,Single Family Residential,9604 Stonebluff Dr,Brentwood,TN,37027,1222090,5,5.5,Stonecrest,5380,28314,2018,,227,100,Sold,,,http://www.redfin.com/TN/Brentwood/9604-Stone-Bluff-Dr-37027/home/144122170,REALTRACS,2222228,N,Y,36.0045983,-86.7074735
PAST SALE,February-26-2021,Single Family Residential,207 Rising Sun Ter,Old Hickory,TN,37138,600000,5,4.0,Brandywine Farms,5363,39639,1985,,112,,Sold,,,http://www.redfin.com/TN/Old-Hickory/207-Rising-Sun-Ter-37138/home/108030831,REALTRACS,2200182,N,Y,36.2366834,-86.6121681
PAST SALE,April-29-2021,Single Family Residential,1124 Safety Harbor Cv,Old Hickory,TN,37138,2000000,4,5.5,Brandywine Pointe,8453,14374,2010,,237,114,Sold,,,http://www.redfin.com/TN/Old-Hickory/1124-Safety-Harbor-Cv-37138/home/107993901,REALTRACS,2234332,N,Y,36.2400219,-86.6028233
PAST SALE,November-17-2020,Single Family Residential,1136 Safety Harbor Cv,Old Hickory,TN,37138,1015000,5,4.5,Brandywine Pointe,5213,13939,2008,,195,95,Sold,,,http://www.redfin.com/TN/Old-Hickory/1136-Safety-Harbor-Cv-37138/home/88565545,REALTRACS,2186302,N,Y,36.2390546,-86.6029304
PAST SALE,March-1-2021,Single Family Residential,45 Harbor Cove Dr,Old Hickory,TN,37138,1050000,6,7.0,Brandywine Harbor,7911,20037,2002,,133,150,Sold,,,http://www.redfin.com/TN/Old-Hickory/45-Harbor-Cove-Dr-37138/home/108103966,REALTRACS,2213067,N,Y,36.2411798,-86.6124833
PAST SALE,March-19-2021,Single Family Residential,505 Sandy Cv,Old Hickory,TN,37138,970000,4,4.5,Villas Of Lakemeade,5048,7405,2001,,192,,Sold,,,http://www.redfin.com/TN/Old-Hickory/505-Sandy-Cv-37138/home/108080141,REALTRACS,2202354,N,Y,36.246613,-86.6338918
